vendorId,centralVendorId,vendorName,vendorAccounts
3202479,379112775,ACS Beverage Co.,[]
23900,19423829,Advanced Restaurant Supply,[{'vendorAccountNumber': 'PAR538'}]
606319,686958645,Aero Collective,[]
1491709,87511940,"Alluvial Wines, Inc.",[{'vendorAccountNumber': '4236925'}]
7737,3172538,ALSCO,"[{'vendorAccountNumber': '12994'}, {'vendorAccountNumber': '12994'}]"
74724,14291019,Amy Atwood Selections (Cleanskins Wine LLC),[{'vendorAccountNumber': 'D5263110'}]
5453055,665067300,"Angeleno Wine Co., LLC",[]
1472643,5303307,"Arthur J. Gallagher Risk Management Service, Inc.",[{'vendorAccountNumber': 'WOLF&CR-01'}]
1296900,84332560,Bad Hombre Importing,[]
7280215,5267928,Baker Commodities Inc.,[{'vendorAccountNumber': '28995-00'}]
33402,10989281,Beaune Imports,"[{'vendorAccountNumber': '211 DONNA'}, {'vendorAccountNumber': '211DONNA'}]"
2273813,139067221,Bloom,[]
16478610,858226896,Bowler,[]
1236,81564508,Bread Lounge,[]
91340,370719004,"Breakthru Beverage California, LLC","[{'vendorAccountNumber': '700386606'}, {'vendorAccountNumber': '700388276'}, {'vendorAccountNumber': '700386606'}]"
2970450,824041152,Broom-Broom! Cleaning Services,[]
87859,677519607,Burnout Bakes,[]
19042,92739237,Casa De Hielo,[]
33387,4946875,Chambers & Chambers Wine Merchants,[]
16398569,207576664,"Charlie's Fixtures, LLC",[]
678462,3173001,Chefs Warehouse,[{'vendorAccountNumber': '13205443'}]
1278336,189979083,Chembro,[]
20465,3173199,Cintas,[]
1890293,115663324,Coastal Carbonic,[{'vendorAccountNumber': '531290'}]
1288635,77592160,Coffee Manufactory,[]
9000795,86771552,Core Commercial Services Inc,[]
9039635,266679614,Craft Equipment Source,[]
30832,588604332,Diamond Elevator Services,[]
5501665,710165060,Dor Fire Services Inc,[]
23914,8859888,Ecolab Pest Elimination,"[{'vendorAccountNumber': 'PARK0929-0001'}, {'vendorAccountNumber': 'PARK0929-0001-01'}]"
1243881,107999651,Edward T Edward,[]
3181426,836571381,Elite Mechanical HVAC/R Inc.,[]
1233249,83281604,Farm Wine Imports,[{'vendorAccountNumber': '718763'}]
7010283,92756740,"First Round Draught, Inc.",[{'vendorAccountNumber': 'Lowboy'}]
3292,4273565,Four Star Seafood Inc.,"[{'vendorAccountNumber': ""Donna's""}]"
1293014,12650128,Golden State Wine Co,[]
3670947,772806019,GS Protection Services Inc.,[]
2689,119347744,Guidi Marcello Ltd.,[]
2700,19340240,Hand Picked By Mckenna,[]
27714,8538451,"Harbor Distributing, LLC","[{'vendorAccountNumber': 'MI114'}, {'vendorAccountNumber': '2807'}, {'vendorAccountNumber': 'PB853'}]"
12963,218871392,Highland Park Brewery,[]
18154658,1120828522,Hillside Chair LLC,[]
3209588,848403210,Imerio Palumbo Design Strategy,[]
27897,4282545,Imperial Dade,[{'vendorAccountNumber': 'PP28314'}]
3097,9506773,Individual Foodservice,[]
1288902,617648044,J Gursey Coffee,[]
22585,665938639,"JPPF 360 E. Second, L.P.",[]
84702,83416397,JT Plumbing,[]
2952534,404487120,Jumbo Time Wines,[]
27643,81786747,"JVS Wines Import, Inc",[]
30862,71157495,Katz Cassidy,"[{'vendorAccountNumber': '13469.001'}, {'vendorAccountNumber': '13468.001'}, {'vendorAccountNumber': '13941.001'}, {'vendorAccountNumber': '13470.001'}, {'vendorAccountNumber': '13945.001'}]"
3209746,77582764,Kernels of Truth LLC,[]
676607,696078609,Kevin Kim,[]
1483563,3664151,La Colombe Coffee Workshop,"[{'vendorAccountNumber': '61-61CAR01240001'}, {'vendorAccountNumber': '103547'}]"
18220473,81674257,LA Distributing Company,[{'vendorAccountNumber': '8525'}]
3157963,108648298,"L.A. Hydro-Jet & Rooter Service, Inc.",[]
1232166,12999429,LightGabler,[]
1912349,756744504,Little Orange Creative,[]
39706,672067897,LKB ART,[]
1463424,731375977,LTV Electric Inc,[]
3132,19423602,Luxe Seafood,[{'vendorAccountNumber': 'CIV000'}]
606306,183233961,Miracle Mile Bitters Co.,[]
20456,15990075,Mosaic Wine Alliance,"[{'vendorAccountNumber': '700436'}, {'vendorAccountNumber': '738161'}]"
7205935,932026669,New Century HVAC Inc,[]
1293126,88412851,North Hollywood Ice Co.,[]
79711,9560574,Oliver McCrum Wines,"[{'vendorAccountNumber': '3970325'}, {'vendorAccountNumber': '4101361'}]"
15007516,1059691556,One East Wacker Drive,[]
89176,451174903,One Stop Refrigeration,[]
1515523,442148180,OTA LLC,[]
1511322,744407544,Pacific Alarm Group,[]
27762,13844683,Pacific Edge Wine & Spirits,[]
15210742,90015464,Pacific Fresh Fish Co,[]
5474541,532043176,Pacific West Kitchen Equipments Service,[]
1245225,713239917,Park Hospitality- Internal Transfers,[]
103351,7360630,Park Street Imports,[{'vendorAccountNumber': '588214'}]
16479822,229040301,Pineda's Cleaning Services,[{'vendorAccountNumber': 'L022'}]
3596,13807386,Premier Meat Company,[{'vendorAccountNumber': '605269'}]
1456980,19429944,Professional Cleaning,[{'vendorAccountNumber': '1130'}]
13319288,482025807,"Pro Mechanical Services,Inc.",[]
12945,20185155,Regal Wine Company,[{'vendorAccountNumber': '660309'}]
12483480,614007589,Rinascimento Wine Company,[]
27755,3172473,RNDC (Republic National Distributing Co) / Grand Vin Ltd.,"[{'vendorAccountNumber': '10115730'}, {'vendorAccountNumber': '10115730-1259101'}, {'vendorAccountNumber': '101155730'}]"
4437450,121186664,"Rock Steady Spirits, LLC",[{'vendorAccountNumber': '5093184'}]
24148,13844649,"Romina Foods, Inc.",[]
33253,59924644,Sacred Thirst Selections,[]
27638,298621825,Scout Distribution LLC,[{'vendorAccountNumber': '19565'}]
13309657,283343258,Seminalia,[]
23906,4771359,Skurnik Wines & Spirits,"[{'vendorAccountNumber': '651009'}, {'vendorAccountNumber': '101316'}, {'vendorAccountNumber': '101562'}]"
96111,130038877,Smart Clean,[]
3675607,123223348,Smog City Brewing Co,[]
7569,456902675,"Southern Glazer's Wine & Spirits, LLC","[{'vendorAccountNumber': '93176'}, {'vendorAccountNumber': '93176'}, {'vendorAccountNumber': '93177'}]"
3202524,6210489,Springboard Wine Company,[{'vendorAccountNumber': '605976'}]
3510396,866784738,Stanley Davis,[]
708578,14279752,Stolpman Vineyards,[{'vendorAccountNumber': '700436'}]
20559,14252300,Stone Distributing,[{'vendorAccountNumber': '306786'}]
5455231,902883916,"Sunset Distributing, LLC","[{'vendorAccountNumber': '2807'}, {'vendorAccountNumber': '17307807'}, {'vendorAccountNumber': '2807'}]"
22582,665938581,Sunset Laguna LLC,"[{'vendorAccountNumber': '2807'}, {'vendorAccountNumber': '2807'}]"
144435,684444300,The Awning Cleaners,[]
27628,87685445,The Craft Spirits Cooperative,[]
3504516,277707155,"The Hiller Companies, LLC",[{'vendorAccountNumber': '2077538'}]
18351,13196259,The Playlist Generation,[{'vendorAccountNumber': '651745'}]
3542624,237751091,"Thermal Comfort Systems, Inc.",[]
676619,54626572,Toast Inc.,"[{'vendorAccountNumber': 'Lowboy'}, {'vendorAccountNumber': 'Bar Flores'}, {'vendorAccountNumber': 'Wolf and Crane'}, {'vendorAccountNumber': ""Donna's Italian Restaurant""}, {'vendorAccountNumber': ""Donna'a Italian Restaurant""}, {'vendorAccountNumber': 'Park-to-Go'}]"
3191877,245038430,Tolteca Mfg. Co.,[]
675830,24129483,Trans Gas Propane,[]
4525326,284554714,Transparent Wine Company,[{'vendorAccountNumber': '5127587'}]
678632,3346793,"TriMark Foodservice Equipment, Supplies and Design","[{'vendorAccountNumber': '82812'}, {'vendorAccountNumber': '102994'}, {'vendorAccountNumber': '54722'}]"
676638,103388435,"Truffle Brothers, Inc.",[]
13633452,1040675123,T&T Plumbing,[]
1516096,137284586,Universal Waste Systems,"[{'vendorAccountNumber': '64154'}, {'vendorAccountNumber': '64154'}]"
4115,3172664,US Foods,"[{'vendorAccountNumber': '4160099'}, {'vendorAccountNumber': '4160099'}, {'vendorAccountNumber': '64364375'}]"
3496470,159205988,V A Electric LLC,[]
5074,15720685,Vesta Foodservice,"[{'vendorAccountNumber': 'SAUCPE'}, {'vendorAccountNumber': '101211'}, {'vendorAccountNumber': '101212'}, {'vendorAccountNumber': '221555'}, {'vendorAccountNumber': '950159'}, {'vendorAccountNumber': '661333'}]"
7719,112693252,Winebow,[{'vendorAccountNumber': 'CA588214'}]
5481147,15124967,Zephyr Express,[]
30860,24534315,ZOHO Corporation,[]
